year,month,day,dollar
2021,9,20,1.1711
2021,9,17,1.178
2021,9,16,1.1763
2021,9,15,1.1824
2021,9,14,1.1814
2021,9,13,1.178
2021,9,10,1.1841
2021,9,9,1.1838
2021,9,8,1.1827
2021,9,7,1.186
2021,9,6,1.1864
2021,9,3,1.1872
2021,9,2,1.1846
2021,9,1,1.1817
2021,8,31,1.1834
2021,8,30,1.1801
2021,8,27,1.1761
2021,8,26,1.1767
2021,8,25,1.1736
2021,8,24,1.174
2021,8,23,1.1718
2021,8,20,1.1671
2021,8,19,1.1696
2021,8,18,1.1723
2021,8,17,1.1767
2021,8,16,1.1772
2021,8,13,1.1765
2021,8,12,1.1739
2021,8,11,1.1718
2021,8,10,1.1722
2021,8,9,1.1761
2021,8,6,1.1807
2021,8,5,1.185
2021,8,4,1.1861
2021,8,3,1.1885
2021,8,2,1.1886
2021,7,30,1.1891
2021,7,29,1.1873
2021,7,28,1.1807
2021,7,27,1.181
2021,7,26,1.1787
2021,7,23,1.1767
2021,7,22,1.1775
2021,7,21,1.1772
2021,7,20,1.1775
2021,7,19,1.1766
2021,7,16,1.1802
2021,7,15,1.1809
2021,7,14,1.1812
2021,7,13,1.1844
2021,7,12,1.1852
2021,7,9,1.1858
2021,7,8,1.1838
2021,7,7,1.1831
2021,7,6,1.1838
2021,7,5,1.1866
2021,7,2,1.1823
2021,7,1,1.1884
2021,6,30,1.1884
2021,6,29,1.1888
2021,6,28,1.191
2021,6,25,1.195
2021,6,24,1.1936
2021,6,23,1.1951
2021,6,22,1.1894
2021,6,21,1.1891
2021,6,18,1.1898
2021,6,17,1.1937
2021,6,16,1.2124
2021,6,15,1.2108
2021,6,14,1.2112
2021,6,11,1.2125
2021,6,10,1.2174
2021,6,9,1.2195
2021,6,8,1.2182
2021,6,7,1.2162
2021,6,4,1.2117
2021,6,3,1.2187
2021,6,2,1.2186
2021,6,1,1.2225
2021,5,31,1.2201
2021,5,28,1.2142
2021,5,27,1.2198
2021,5,26,1.2229
2021,5,25,1.2264
2021,5,24,1.2212
2021,5,21,1.2188
2021,5,20,1.2203
2021,5,19,1.2212
2021,5,18,1.2222
2021,5,17,1.2143
2021,5,14,1.2123
2021,5,13,1.2081
2021,5,12,1.2118
2021,5,11,1.217
2021,5,10,1.2169
2021,5,7,1.2059
2021,5,6,1.206
2021,5,5,1.2005
2021,5,4,1.2021
2021,5,3,1.2044
2021,4,30,1.2082
2021,4,29,1.2129
2021,4,28,1.207
2021,4,27,1.2088
2021,4,26,1.2085
2021,4,23,1.2066
2021,4,22,1.2046
2021,4,21,1.2007
2021,4,20,1.2051
2021,4,19,1.2035
2021,4,16,1.1986
2021,4,15,1.197
2021,4,14,1.1964
2021,4,13,1.1896
2021,4,12,1.1904
2021,4,9,1.1888
2021,4,8,1.1873
2021,4,7,1.1884
2021,4,6,1.1812
2021,4,1,1.1746
2021,3,31,1.1725
2021,3,30,1.1741
2021,3,29,1.1784
2021,3,26,1.1782
2021,3,25,1.1802
2021,3,24,1.1825
2021,3,23,1.1883
2021,3,22,1.1926
2021,3,19,1.1891
2021,3,18,1.1912
2021,3,17,1.1907
2021,3,16,1.1926
2021,3,15,1.192
2021,3,12,1.1933
2021,3,11,1.1969
2021,3,10,1.1892
2021,3,9,1.1894
2021,3,8,1.1866
2021,3,5,1.1938
2021,3,4,1.2034
2021,3,3,1.2048
2021,3,2,1.2028
2021,3,1,1.2053
2021,2,26,1.2121
2021,2,25,1.2225
2021,2,24,1.2146
2021,2,23,1.2143
2021,2,22,1.2133
2021,2,19,1.2139
2021,2,18,1.2084
2021,2,17,1.206
2021,2,16,1.2143
2021,2,15,1.2129
2021,2,12,1.2108
2021,2,11,1.2147
2021,2,10,1.2127
2021,2,9,1.2104
2021,2,8,1.2025
2021,2,5,1.1983
2021,2,4,1.1996
2021,2,3,1.2017
2021,2,2,1.2044
2021,2,1,1.2084
2021,1,29,1.2136
2021,1,28,1.2091
2021,1,27,1.2114
2021,1,26,1.2143
2021,1,25,1.2152
2021,1,22,1.2158
2021,1,21,1.2158
2021,1,20,1.2101
2021,1,19,1.2132
2021,1,18,1.2064
2021,1,15,1.2123
2021,1,14,1.2124
2021,1,13,1.2166
2021,1,12,1.2161
2021,1,11,1.2163
2021,1,8,1.225
2021,1,7,1.2276
2021,1,6,1.2338
2021,1,5,1.2271
2021,1,4,1.2296
2020,12,31,1.2271
2020,12,30,1.2281
2020,12,29,1.2259
2020,12,28,1.2219
2020,12,24,1.2193
2020,12,23,1.2166
2020,12,22,1.2239
2020,12,21,1.2173
2020,12,18,1.2259
2020,12,17,1.2246
2020,12,16,1.2189
2020,12,15,1.214
2020,12,14,1.2162
2020,12,11,1.2127
2020,12,10,1.2115
2020,12,9,1.2109
2020,12,8,1.2114
2020,12,7,1.2128
2020,12,4,1.2159
2020,12,3,1.2151
2020,12,2,1.2066
2020,12,1,1.1968
2020,11,30,1.198
2020,11,27,1.1922
2020,11,26,1.19
2020,11,25,1.189
2020,11,24,1.1865
2020,11,23,1.1901
2020,11,20,1.1863
2020,11,19,1.1832
2020,11,18,1.1868
2020,11,17,1.1882
2020,11,16,1.183
2020,11,13,1.1815
2020,11,12,1.1791
2020,11,11,1.1766
2020,11,10,1.1808
2020,11,9,1.1883
2020,11,6,1.187
2020,11,5,1.1855
2020,11,4,1.1721
2020,11,3,1.1702
2020,11,2,1.1652
2020,10,30,1.1698
2020,10,29,1.1704
2020,10,28,1.1727
2020,10,27,1.1832
2020,10,26,1.1819
2020,10,23,1.1856
2020,10,22,1.1821
2020,10,21,1.1852
2020,10,20,1.181
2020,10,19,1.1785
2020,10,16,1.1741
2020,10,15,1.1698
2020,10,14,1.175
2020,10,13,1.1787
2020,10,12,1.1799
2020,10,9,1.1795
2020,10,8,1.1765
2020,10,7,1.177
2020,10,6,1.1795
2020,10,5,1.1768
2020,10,2,1.173
2020,10,1,1.1752
2020,9,30,1.1708
2020,9,29,1.1702
2020,9,28,1.167
2020,9,25,1.1634
2020,9,24,1.1645
2020,9,23,1.1692
2020,9,22,1.174
2020,9,21,1.1787
2020,9,18,1.1833
2020,9,17,1.1797
2020,9,16,1.1869
2020,9,15,1.1892
2020,9,14,1.1876
2020,9,11,1.1854
2020,9,10,1.1849
2020,9,9,1.1773
2020,9,8,1.1785
2020,9,7,1.1824
2020,9,4,1.1842
2020,9,3,1.1813
2020,9,2,1.1861
2020,9,1,1.1987
2020,8,31,1.194
2020,8,28,1.1915
2020,8,27,1.1806
2020,8,26,1.1789
2020,8,25,1.1814
2020,8,24,1.1847
2020,8,21,1.1769
2020,8,20,1.185
2020,8,19,1.1933
2020,8,18,1.1906
2020,8,17,1.1853
2020,8,14,1.1813
2020,8,13,1.1833
2020,8,12,1.1771
2020,8,11,1.1783
2020,8,10,1.1763
2020,8,7,1.1817
2020,8,6,1.1843
2020,8,5,1.1854
2020,8,4,1.1765
2020,8,3,1.1726
2020,7,31,1.1848
2020,7,30,1.1743
2020,7,29,1.1725
2020,7,28,1.1717
2020,7,27,1.176
2020,7,24,1.1608
2020,7,23,1.1569
2020,7,22,1.1578
2020,7,21,1.1443
2020,7,20,1.1448
2020,7,17,1.1428
2020,7,16,1.1414
2020,7,15,1.1444
2020,7,14,1.1375
2020,7,13,1.1329
2020,7,10,1.1276
2020,7,9,1.1342
2020,7,8,1.1286
2020,7,7,1.129
2020,7,6,1.1325
2020,7,3,1.1224
2020,7,2,1.1286
2020,7,1,1.12
2020,6,30,1.1198
2020,6,29,1.1284
2020,6,26,1.1213
2020,6,25,1.12
2020,6,24,1.128
2020,6,23,1.1318
2020,6,22,1.1213
2020,6,19,1.121
2020,6,18,1.1222
2020,6,17,1.1232
2020,6,16,1.1308
2020,6,15,1.1253
2020,6,12,1.1304
2020,6,11,1.1348
2020,6,10,1.1375
2020,6,9,1.1294
2020,6,8,1.1285
2020,6,5,1.133
2020,6,4,1.125
2020,6,3,1.1194
2020,6,2,1.1174
2020,6,1,1.1116
2020,5,29,1.1136
2020,5,28,1.1016
2020,5,27,1.0991
2020,5,26,1.0975
2020,5,25,1.091
2020,5,22,1.0904
2020,5,21,1.1
2020,5,20,1.0958
2020,5,19,1.095
2020,5,18,1.0832
2020,5,15,1.0798
2020,5,14,1.0792
2020,5,13,1.0875
2020,5,12,1.0858
2020,5,11,1.0824
2020,5,8,1.0843
2020,5,7,1.0783
2020,5,6,1.0807
2020,5,5,1.0843
2020,5,4,1.0942
2020,4,30,1.0876
2020,4,29,1.0842
2020,4,28,1.0877
2020,4,27,1.0852
2020,4,24,1.08
2020,4,23,1.0772
2020,4,22,1.0867
2020,4,21,1.0837
2020,4,20,1.086
2020,4,17,1.086
2020,4,16,1.0888
2020,4,15,1.0903
2020,4,14,1.0963
2020,4,9,1.0867
2020,4,8,1.0871
2020,4,7,1.0885
2020,4,6,1.0791
2020,4,3,1.0785
2020,4,2,1.0906
2020,4,1,1.0936
2020,3,31,1.0956
2020,3,30,1.1034
2020,3,27,1.0977
2020,3,26,1.0981
2020,3,25,1.0827
2020,3,24,1.0843
2020,3,23,1.0783
2020,3,20,1.0707
2020,3,19,1.0801
2020,3,18,1.0934
2020,3,17,1.0982
2020,3,16,1.1157
2020,3,13,1.1104
2020,3,12,1.124
2020,3,11,1.1336
2020,3,10,1.139
2020,3,9,1.1456
2020,3,6,1.1336
2020,3,5,1.1187
2020,3,4,1.1125
2020,3,3,1.1117
2020,3,2,1.1122
2020,2,28,1.0977
2020,2,27,1.0964
2020,2,26,1.0875
2020,2,25,1.084
2020,2,24,1.0818
2020,2,21,1.0801
2020,2,20,1.079
2020,2,19,1.08
2020,2,18,1.0816
2020,2,17,1.0835
2020,2,14,1.0842
2020,2,13,1.0867
2020,2,12,1.0914
2020,2,11,1.0901
2020,2,10,1.0951
2020,2,7,1.0969
2020,2,6,1.1003
2020,2,5,1.1023
2020,2,4,1.1048
2020,2,3,1.1066
2020,1,31,1.1052
2020,1,30,1.1029
2020,1,29,1.1001
2020,1,28,1.1005
2020,1,27,1.1025
2020,1,24,1.1035
2020,1,23,1.1091
2020,1,22,1.1088
2020,1,21,1.1115
2020,1,20,1.1085
2020,1,17,1.1108
2020,1,16,1.1169
2020,1,15,1.1142
2020,1,14,1.1115
2020,1,13,1.1126
2020,1,10,1.1091
2020,1,9,1.111
2020,1,8,1.1115
2020,1,7,1.1172
2020,1,6,1.1194
2020,1,3,1.1147
2020,1,2,1.1193
2019,12,31,1.1234
2019,12,30,1.1189
2019,12,27,1.1153
2019,12,24,1.108
2019,12,23,1.1075
2019,12,20,1.1097
2019,12,19,1.1117
2019,12,18,1.1115
2019,12,17,1.1162
2019,12,16,1.1146
2019,12,13,1.1174
2019,12,12,1.1137
2019,12,11,1.1075
2019,12,10,1.1077
2019,12,9,1.1075
2019,12,6,1.1094
2019,12,5,1.1094
2019,12,4,1.1081
2019,12,3,1.1071
2019,12,2,1.1023
2019,11,29,1.0982
2019,11,28,1.1005
2019,11,27,1.1009
2019,11,26,1.102
2019,11,25,1.1008
2019,11,22,1.1058
2019,11,21,1.1091
2019,11,20,1.1059
2019,11,19,1.1077
2019,11,18,1.1061
2019,11,15,1.1034
2019,11,14,1.0997
2019,11,13,1.1006
2019,11,12,1.1015
2019,11,11,1.1041
2019,11,8,1.1034
2019,11,7,1.1077
2019,11,6,1.109
2019,11,5,1.1109
2019,11,4,1.1158
2019,11,1,1.1139
2019,10,31,1.1154
2019,10,30,1.1106
2019,10,29,1.1095
2019,10,28,1.1087
2019,10,25,1.1107
2019,10,24,1.1128
2019,10,23,1.1123
2019,10,22,1.113
2019,10,21,1.1173
2019,10,18,1.1144
2019,10,17,1.1113
2019,10,16,1.1025
2019,10,15,1.1007
2019,10,14,1.1031
2019,10,11,1.1043
2019,10,10,1.103
2019,10,9,1.0981
2019,10,8,1.0986
2019,10,7,1.0993
2019,10,4,1.0979
2019,10,3,1.0951
2019,10,2,1.0925
2019,10,1,1.0898
2019,9,30,1.0889
2019,9,27,1.0935
2019,9,26,1.0938
2019,9,25,1.0982
2019,9,24,1.1003
2019,9,23,1.0985
2019,9,20,1.103
2019,9,19,1.1067
2019,9,18,1.1053
2019,9,17,1.1026
2019,9,16,1.1031
2019,9,13,1.1096
2019,9,12,1.0963
2019,9,11,1.1003
2019,9,10,1.104
2019,9,9,1.1033
2019,9,6,1.1027
2019,9,5,1.1058
2019,9,4,1.1018
2019,9,3,1.0937
2019,9,2,1.0968
2019,8,30,1.1036
2019,8,29,1.1072
2019,8,28,1.1083
2019,8,27,1.1104
2019,8,26,1.1116
2019,8,23,1.1065
2019,8,22,1.1083
2019,8,21,1.1104
2019,8,20,1.1076
2019,8,19,1.1103
2019,8,16,1.1076
2019,8,15,1.115
2019,8,14,1.1188
2019,8,13,1.1222
2019,8,12,1.1194
2019,8,9,1.1198
2019,8,8,1.1193
2019,8,7,1.1202
2019,8,6,1.1187
2019,8,5,1.1182
2019,8,2,1.1106
2019,8,1,1.1037
2019,7,31,1.1151
2019,7,30,1.1154
2019,7,29,1.1119
2019,7,26,1.1138
2019,7,25,1.1115
2019,7,24,1.114
2019,7,23,1.1173
2019,7,22,1.1215
2019,7,19,1.1226
2019,7,18,1.1216
2019,7,17,1.1215
2019,7,16,1.1223
2019,7,15,1.1269
2019,7,12,1.1253
2019,7,11,1.1285
2019,7,10,1.122
2019,7,9,1.1205
2019,7,8,1.1215
2019,7,5,1.126
2019,7,4,1.1288
2019,7,3,1.1293
2019,7,2,1.1301
2019,7,1,1.1349
2019,6,28,1.138
2019,6,27,1.137
2019,6,26,1.1362
2019,6,25,1.1388
2019,6,24,1.1394
2019,6,21,1.1316
2019,6,20,1.1307
2019,6,19,1.1207
2019,6,18,1.1187
2019,6,17,1.1234
2019,6,14,1.1265
2019,6,13,1.1289
2019,6,12,1.1323
2019,6,11,1.132
2019,6,10,1.1301
2019,6,7,1.1273
2019,6,6,1.1266
2019,6,5,1.1257
2019,6,4,1.1244
2019,6,3,1.1185
2019,5,31,1.1151
2019,5,30,1.1134
2019,5,29,1.1156
2019,5,28,1.1192
2019,5,27,1.1198
2019,5,24,1.1187
2019,5,23,1.1139
2019,5,22,1.1171
2019,5,21,1.1161
2019,5,20,1.1167
2019,5,17,1.1172
2019,5,16,1.1203
2019,5,15,1.1183
2019,5,14,1.1226
2019,5,13,1.1245
2019,5,10,1.123
2019,5,9,1.1193
2019,5,8,1.1202
2019,5,7,1.1185
2019,5,6,1.1199
2019,5,3,1.1155
2019,5,2,1.1212
2019,4,30,1.1218
2019,4,29,1.115
2019,4,26,1.1133
2019,4,25,1.1123
2019,4,24,1.1209
2019,4,23,1.1245
2019,4,18,1.125
2019,4,17,1.1301
2019,4,16,1.1305
2019,4,15,1.1313
2019,4,12,1.1321
2019,4,11,1.1264
2019,4,10,1.1279
2019,4,9,1.1277
2019,4,8,1.1246
2019,4,5,1.1233
2019,4,4,1.1219
2019,4,3,1.1243
2019,4,2,1.12
2019,4,1,1.1236
2019,3,29,1.1235
2019,3,28,1.1218
2019,3,27,1.1261
2019,3,26,1.1291
2019,3,25,1.1325
2019,3,22,1.1302
2019,3,21,1.1387
2019,3,20,1.1354
2019,3,19,1.1358
2019,3,18,1.1349
2019,3,15,1.1308
2019,3,14,1.1295
2019,3,13,1.1303
2019,3,12,1.1275
2019,3,11,1.1244
2019,3,8,1.1222
2019,3,7,1.1271
2019,3,6,1.1305
2019,3,5,1.1329
2019,3,4,1.1337
2019,3,1,1.1383
2019,2,28,1.1416
2019,2,27,1.1386
2019,2,26,1.1361
2019,2,25,1.1355
2019,2,22,1.1325
2019,2,21,1.1354
2019,2,20,1.1342
2019,2,19,1.1294
2019,2,18,1.1328
2019,2,15,1.126
2019,2,14,1.1268
2019,2,13,1.1305
2019,2,12,1.1296
2019,2,11,1.1309
2019,2,8,1.1346
2019,2,7,1.1345
2019,2,6,1.1394
2019,2,5,1.1423
2019,2,4,1.1445
2019,2,1,1.1471
2019,1,31,1.1488
2019,1,30,1.1429
2019,1,29,1.1422
2019,1,28,1.1418
2019,1,25,1.1346
2019,1,24,1.1341
2019,1,23,1.1367
2019,1,22,1.1354
2019,1,21,1.1362
2019,1,18,1.1402
2019,1,17,1.1396
2019,1,16,1.1389
2019,1,15,1.1424
2019,1,14,1.1467
2019,1,11,1.1533
2019,1,10,1.1535
2019,1,9,1.1455
2019,1,8,1.144
2019,1,7,1.1445
2019,1,4,1.1403
2019,1,3,1.1348
2019,1,2,1.1397
2018,12,31,1.145
2018,12,28,1.1454
2018,12,27,1.1377
2018,12,24,1.1408
2018,12,21,1.1414
2018,12,20,1.1451
2018,12,19,1.1405
2018,12,18,1.1377
2018,12,17,1.1341
2018,12,14,1.1285
2018,12,13,1.1371
2018,12,12,1.1346
2018,12,11,1.1379
2018,12,10,1.1425
2018,12,7,1.1371
2018,12,6,1.1351
2018,12,5,1.1354
2018,12,4,1.1409
2018,12,3,1.1332
2018,11,30,1.1359
2018,11,29,1.1387
2018,11,28,1.1284
2018,11,27,1.1328
2018,11,26,1.1363
2018,11,23,1.1352
2018,11,22,1.1403
2018,11,21,1.1409
2018,11,20,1.1421
2018,11,19,1.1427
2018,11,16,1.1346
2018,11,15,1.1305
2018,11,14,1.1296
2018,11,13,1.1261
2018,11,12,1.1265
2018,11,9,1.1346
2018,11,8,1.1424
2018,11,7,1.1487
2018,11,6,1.1428
2018,11,5,1.137
2018,11,2,1.1417
2018,11,1,1.1393
2018,10,31,1.1318
2018,10,30,1.1372
2018,10,29,1.1381
2018,10,26,1.1345
2018,10,25,1.1416
2018,10,24,1.1389
2018,10,23,1.1478
2018,10,22,1.1494
2018,10,19,1.147
2018,10,18,1.1505
2018,10,17,1.153
2018,10,16,1.1587
2018,10,15,1.1581
2018,10,12,1.1574
2018,10,11,1.1575
2018,10,10,1.15
2018,10,9,1.1435
2018,10,8,1.1478
2018,10,5,1.1506
2018,10,4,1.1502
2018,10,3,1.1548
2018,10,2,1.1543
2018,10,1,1.1606
2018,9,28,1.1576
2018,9,27,1.1707
2018,9,26,1.1737
2018,9,25,1.1777
2018,9,24,1.1773
2018,9,21,1.1759
2018,9,20,1.1769
2018,9,19,1.1667
2018,9,18,1.1697
2018,9,17,1.1671
2018,9,14,1.1689
2018,9,13,1.162
2018,9,12,1.1585
2018,9,11,1.1574
2018,9,10,1.1571
2018,9,7,1.1615
2018,9,6,1.1634
2018,9,5,1.1582
2018,9,4,1.1562
2018,9,3,1.1609
2018,8,31,1.1651
2018,8,30,1.1692
2018,8,29,1.166
2018,8,28,1.171
2018,8,27,1.1633
2018,8,24,1.1588
2018,8,23,1.1579
2018,8,22,1.1616
2018,8,21,1.1502
2018,8,20,1.142
2018,8,17,1.1391
2018,8,16,1.137
2018,8,15,1.1321
2018,8,14,1.1406
2018,8,13,1.1403
2018,8,10,1.1456
2018,8,9,1.1593
2018,8,8,1.1589
2018,8,7,1.1602
2018,8,6,1.1543
2018,8,3,1.1588
2018,8,2,1.1617
2018,8,1,1.1696
2018,7,31,1.1736
2018,7,30,1.1684
2018,7,27,1.1625
2018,7,26,1.1716
2018,7,25,1.169
2018,7,24,1.1706
2018,7,23,1.1716
2018,7,20,1.167
2018,7,19,1.1588
2018,7,18,1.1611
2018,7,17,1.1707
2018,7,16,1.172
2018,7,13,1.1643
2018,7,12,1.1658
2018,7,11,1.1735
2018,7,10,1.1713
2018,7,9,1.1789
2018,7,6,1.1724
2018,7,5,1.1709
2018,7,4,1.1642
2018,7,3,1.1665
2018,7,2,1.1639
2018,6,29,1.1658
2018,6,28,1.1583
2018,6,27,1.1616
2018,6,26,1.1672
2018,6,25,1.17
2018,6,22,1.1648
2018,6,21,1.1538
2018,6,20,1.1578
2018,6,19,1.1534
2018,6,18,1.1613
2018,6,15,1.1596
2018,6,14,1.173
2018,6,13,1.1764
2018,6,12,1.1788
2018,6,11,1.179
2018,6,8,1.1754
2018,6,7,1.1836
2018,6,6,1.1765
2018,6,5,1.1675
2018,6,4,1.1737
2018,6,1,1.1669
2018,5,31,1.1699
2018,5,30,1.1632
2018,5,29,1.1558
2018,5,28,1.1644
2018,5,25,1.1675
2018,5,24,1.1728
2018,5,23,1.1708
2018,5,22,1.1794
2018,5,21,1.1759
2018,5,18,1.1781
2018,5,17,1.1805
2018,5,16,1.1784
2018,5,15,1.1883
2018,5,14,1.1988
2018,5,11,1.1934
2018,5,10,1.1878
2018,5,9,1.1879
2018,5,8,1.187
2018,5,7,1.1902
2018,5,4,1.1969
2018,5,3,1.1992
2018,5,2,1.2007
2018,4,30,1.2079
2018,4,27,1.207
2018,4,26,1.2168
2018,4,25,1.2185
2018,4,24,1.2213
2018,4,23,1.2238
2018,4,20,1.2309
2018,4,19,1.2382
2018,4,18,1.2388
2018,4,17,1.2357
2018,4,16,1.237
2018,4,13,1.2317
2018,4,12,1.2323
2018,4,11,1.2384
2018,4,10,1.2361
2018,4,9,1.2304
2018,4,6,1.2234
2018,4,5,1.226
2018,4,4,1.2276
2018,4,3,1.2308
2018,3,29,1.2321
2018,3,28,1.2398
2018,3,27,1.2376
2018,3,26,1.2411
2018,3,23,1.2346
2018,3,22,1.2316
2018,3,21,1.2286
2018,3,20,1.2276
2018,3,19,1.2309
2018,3,16,1.2301
2018,3,15,1.2341
2018,3,14,1.2369
2018,3,13,1.2378
2018,3,12,1.2302
2018,3,9,1.2291
2018,3,8,1.2421
2018,3,7,1.2417
2018,3,6,1.2411
2018,3,5,1.2307
2018,3,2,1.2312
2018,3,1,1.2171
2018,2,28,1.2214
2018,2,27,1.2301
2018,2,26,1.232
2018,2,23,1.2299
2018,2,22,1.2276
2018,2,21,1.2312
2018,2,20,1.234
2018,2,19,1.241
2018,2,16,1.2464
2018,2,15,1.2493
2018,2,14,1.2348
2018,2,13,1.2333
2018,2,12,1.2263
2018,2,9,1.2273
2018,2,8,1.2252
2018,2,7,1.2338
2018,2,6,1.2329
2018,2,5,1.244
2018,2,2,1.2492
2018,2,1,1.2459
2018,1,31,1.2457
2018,1,30,1.2421
2018,1,29,1.2379
2018,1,26,1.2436
2018,1,25,1.2407
2018,1,24,1.2352
2018,1,23,1.2249
2018,1,22,1.2239
2018,1,19,1.2255
2018,1,18,1.2235
2018,1,17,1.2203
2018,1,16,1.223
2018,1,15,1.2277
2018,1,12,1.2137
2018,1,11,1.2017
2018,1,10,1.1992
2018,1,9,1.1932
2018,1,8,1.1973
2018,1,5,1.2045
2018,1,4,1.2065
2018,1,3,1.2023
2018,1,2,1.2065
2017,12,29,1.1993
2017,12,28,1.1934
2017,12,27,1.1895
2017,12,22,1.1853
2017,12,21,1.1859
2017,12,20,1.1845
2017,12,19,1.1823
2017,12,18,1.1795
2017,12,15,1.1806
2017,12,14,1.1845
2017,12,13,1.1736
2017,12,12,1.1766
2017,12,11,1.1796
2017,12,8,1.1742
2017,12,7,1.1786
2017,12,6,1.1817
2017,12,5,1.1847
2017,12,4,1.1865
2017,12,1,1.1885
2017,11,30,1.1849
2017,11,29,1.1827
2017,11,28,1.1888
2017,11,27,1.1952
2017,11,24,1.1877
2017,11,23,1.1848
2017,11,22,1.1749
2017,11,21,1.1718
2017,11,20,1.1781
2017,11,17,1.1795
2017,11,16,1.1771
2017,11,15,1.184
2017,11,14,1.1745
2017,11,13,1.1656
2017,11,10,1.1654
2017,11,9,1.163
2017,11,8,1.159
2017,11,7,1.1562
2017,11,6,1.159
2017,11,3,1.1657
2017,11,2,1.1645
2017,11,1,1.1612
2017,10,31,1.1638
2017,10,30,1.1612
2017,10,27,1.1605
2017,10,26,1.1753
2017,10,25,1.1785
2017,10,24,1.1761
2017,10,23,1.174
2017,10,20,1.1818
2017,10,19,1.1834
2017,10,18,1.1749
2017,10,17,1.1759
2017,10,16,1.1803
2017,10,13,1.181
2017,10,12,1.1856
2017,10,11,1.183
2017,10,10,1.1797
2017,10,9,1.1746
2017,10,6,1.1707
2017,10,5,1.1742
2017,10,4,1.1787
2017,10,3,1.1753
2017,10,2,1.1744
2017,9,29,1.1806
2017,9,28,1.1778
2017,9,27,1.1741
2017,9,26,1.1787
2017,9,25,1.1867
2017,9,22,1.1961
2017,9,21,1.1905
2017,9,20,1.2007
2017,9,19,1.1972
2017,9,18,1.1948
2017,9,15,1.1963
2017,9,14,1.1885
2017,9,13,1.1979
2017,9,12,1.1933
2017,9,11,1.1997
2017,9,8,1.206
2017,9,7,1.1971
2017,9,6,1.1931
2017,9,5,1.189
2017,9,4,1.1905
2017,9,1,1.192
2017,8,31,1.1825
2017,8,30,1.1916
2017,8,29,1.2048
2017,8,28,1.1925
2017,8,25,1.1808
2017,8,24,1.1806
2017,8,23,1.1799
2017,8,22,1.1771
2017,8,21,1.1761
2017,8,18,1.174
2017,8,17,1.1697
2017,8,16,1.171
2017,8,15,1.1744
2017,8,14,1.1797
2017,8,11,1.1765
2017,8,10,1.1732
2017,8,9,1.1731
2017,8,8,1.1814
2017,8,7,1.1797
2017,8,4,1.1868
2017,8,3,1.186
2017,8,2,1.1829
2017,8,1,1.1812
2017,7,31,1.1727
2017,7,28,1.1729
2017,7,27,1.1694
2017,7,26,1.1644
2017,7,25,1.1694
2017,7,24,1.1648
2017,7,21,1.1642
2017,7,20,1.1485
2017,7,19,1.1533
2017,7,18,1.1555
2017,7,17,1.1462
2017,7,14,1.1415
2017,7,13,1.1417
2017,7,12,1.1449
2017,7,11,1.1405
2017,7,10,1.1387
2017,7,7,1.1412
2017,7,6,1.1385
2017,7,5,1.1329
2017,7,4,1.1353
2017,7,3,1.1369
2017,6,30,1.1412
2017,6,29,1.1413
2017,6,28,1.1375
2017,6,27,1.1278
2017,6,26,1.1187
2017,6,23,1.1173
2017,6,22,1.1169
2017,6,21,1.1147
2017,6,20,1.1156
2017,6,19,1.1199
2017,6,16,1.1167
2017,6,15,1.1166
2017,6,14,1.1203
2017,6,13,1.1217
2017,6,12,1.1221
2017,6,9,1.1176
2017,6,8,1.1229
2017,6,7,1.1217
2017,6,6,1.1258
2017,6,5,1.1249
2017,6,2,1.1217
2017,6,1,1.1219
2017,5,31,1.1221
2017,5,30,1.1173
2017,5,29,1.1188
2017,5,26,1.1196
2017,5,25,1.1214
2017,5,24,1.1193
2017,5,23,1.1215
2017,5,22,1.1243
2017,5,19,1.1179
2017,5,18,1.1129
2017,5,17,1.1117
2017,5,16,1.1059
2017,5,15,1.0972
2017,5,12,1.0876
2017,5,11,1.086
2017,5,10,1.0882
2017,5,9,1.0888
2017,5,8,1.0938
2017,5,5,1.0961
2017,5,4,1.0927
2017,5,3,1.0919
2017,5,2,1.0915
2017,4,28,1.093
2017,4,27,1.0881
2017,4,26,1.0893
2017,4,25,1.0891
2017,4,24,1.0848
2017,4,21,1.0698
2017,4,20,1.0745
2017,4,19,1.0725
2017,4,18,1.0682
2017,4,13,1.063
2017,4,12,1.0605
2017,4,11,1.0616
2017,4,10,1.0578
2017,4,7,1.063
2017,4,6,1.0666
2017,4,5,1.0678
2017,4,4,1.0651
2017,4,3,1.0661
2017,3,31,1.0691
2017,3,30,1.0737
2017,3,29,1.0748
2017,3,28,1.0859
2017,3,27,1.0889
2017,3,24,1.0805
2017,3,23,1.0786
2017,3,22,1.0807
2017,3,21,1.0802
2017,3,20,1.0752
2017,3,17,1.0737
2017,3,16,1.0726
2017,3,15,1.0622
2017,3,14,1.0631
2017,3,13,1.0663
2017,3,10,1.0606
2017,3,9,1.0551
2017,3,8,1.0556
2017,3,7,1.0576
2017,3,6,1.0592
2017,3,3,1.0565
2017,3,2,1.0514
2017,3,1,1.0533
2017,2,28,1.0597
2017,2,27,1.0587
2017,2,24,1.0609
2017,2,23,1.0573
2017,2,22,1.0513
2017,2,21,1.0537
2017,2,20,1.0616
2017,2,17,1.065
2017,2,16,1.0652
2017,2,15,1.0555
2017,2,14,1.0623
2017,2,13,1.0629
2017,2,10,1.0629
2017,2,9,1.0692
2017,2,8,1.0665
2017,2,7,1.0675
2017,2,6,1.0712
2017,2,3,1.0741
2017,2,2,1.0808
2017,2,1,1.079
2017,1,31,1.0755
2017,1,30,1.063
2017,1,27,1.0681
2017,1,26,1.07
2017,1,25,1.0743
2017,1,24,1.0748
2017,1,23,1.0715
2017,1,20,1.0632
2017,1,19,1.0668
2017,1,18,1.0664
2017,1,17,1.0684
2017,1,16,1.0594
2017,1,13,1.0661
2017,1,12,1.0679
2017,1,11,1.0503
2017,1,10,1.0567
2017,1,9,1.0516
2017,1,6,1.0589
2017,1,5,1.0501
2017,1,4,1.0437
2017,1,3,1.0385
2017,1,2,1.0465
2016,12,30,1.0541
2016,12,29,1.0453
2016,12,28,1.0401
2016,12,27,1.0445
2016,12,23,1.0446
2016,12,22,1.0444
2016,12,21,1.0421
2016,12,20,1.0364
2016,12,19,1.0422
2016,12,16,1.0439
2016,12,15,1.0419
2016,12,14,1.0644
2016,12,13,1.061
2016,12,12,1.0596
2016,12,9,1.0559
2016,12,8,1.0762
2016,12,7,1.073
2016,12,6,1.0734
2016,12,5,1.0702
2016,12,2,1.0642
2016,12,1,1.0627
2016,11,30,1.0635
2016,11,29,1.0576
2016,11,28,1.0588
2016,11,25,1.0592
2016,11,24,1.0548
2016,11,23,1.0602
2016,11,22,1.0617
2016,11,21,1.0631
2016,11,18,1.0629
2016,11,17,1.0717
2016,11,16,1.0702
2016,11,15,1.0765
2016,11,14,1.0777
2016,11,11,1.0904
2016,11,10,1.0895
2016,11,9,1.1022
2016,11,8,1.1038
2016,11,7,1.1062
2016,11,4,1.1093
2016,11,3,1.1064
2016,11,2,1.1095
2016,11,1,1.1025
2016,10,31,1.0946
2016,10,28,1.0922
2016,10,27,1.0927
2016,10,26,1.0925
2016,10,25,1.0872
2016,10,24,1.0891
2016,10,21,1.0886
2016,10,20,1.098
2016,10,19,1.0979
2016,10,18,1.0993
2016,10,17,1.0994
2016,10,14,1.1002
2016,10,13,1.1038
2016,10,12,1.102
2016,10,11,1.1079
2016,10,10,1.116
2016,10,7,1.114
2016,10,6,1.1185
2016,10,5,1.1211
2016,10,4,1.1161
2016,10,3,1.1236
2016,9,30,1.1161
2016,9,29,1.1221
2016,9,28,1.1225
2016,9,27,1.122
2016,9,26,1.1262
2016,9,23,1.1214
2016,9,22,1.1238
2016,9,21,1.115
2016,9,20,1.1184
2016,9,19,1.1165
2016,9,16,1.1226
2016,9,15,1.1254
2016,9,14,1.1218
2016,9,13,1.1247
2016,9,12,1.1226
2016,9,9,1.1268
2016,9,8,1.1296
2016,9,7,1.1237
2016,9,6,1.1159
2016,9,5,1.1156
2016,9,2,1.1193
2016,9,1,1.1146
2016,8,31,1.1132
2016,8,30,1.1168
2016,8,29,1.117
2016,8,26,1.129
2016,8,25,1.129
2016,8,24,1.1268
2016,8,23,1.1339
2016,8,22,1.1306
2016,8,19,1.1326
2016,8,18,1.1321
2016,8,17,1.1276
2016,8,16,1.1295
2016,8,15,1.118
2016,8,12,1.1158
2016,8,11,1.1153
2016,8,10,1.1184
2016,8,9,1.1078
2016,8,8,1.1087
2016,8,5,1.1156
2016,8,4,1.1136
2016,8,3,1.12
2016,8,2,1.1193
2016,8,1,1.1164
2016,7,29,1.1113
2016,7,28,1.109
2016,7,27,1.0991
2016,7,26,1.0997
2016,7,25,1.0982
2016,7,22,1.1014
2016,7,21,1.1015
2016,7,20,1.1013
2016,7,19,1.1035
2016,7,18,1.1053
2016,7,15,1.1128
2016,7,14,1.1157
2016,7,13,1.1072
2016,7,12,1.1092
2016,7,11,1.1049
2016,7,8,1.107
2016,7,7,1.108
2016,7,6,1.1069
2016,7,5,1.1146
2016,7,4,1.1138
2016,7,1,1.1135
2016,6,30,1.1102
2016,6,29,1.109
2016,6,28,1.1073
2016,6,27,1.0998
2016,6,24,1.1066
2016,6,23,1.1389
2016,6,22,1.1283
2016,6,21,1.1314
2016,6,20,1.1332
2016,6,17,1.1254
2016,6,16,1.1174
2016,6,15,1.123
2016,6,14,1.1225
2016,6,13,1.1268
2016,6,10,1.1304
2016,6,9,1.1343
2016,6,8,1.1378
2016,6,7,1.1348
2016,6,6,1.1349
2016,6,3,1.1154
2016,6,2,1.1188
2016,6,1,1.1174
2016,5,31,1.1154
2016,5,30,1.1139
2016,5,27,1.1168
2016,5,26,1.1168
2016,5,25,1.1146
2016,5,24,1.1168
2016,5,23,1.1215
2016,5,20,1.1219
2016,5,19,1.1197
2016,5,18,1.1279
2016,5,17,1.1318
2016,5,16,1.1324
2016,5,13,1.1348
2016,5,12,1.1389
2016,5,11,1.1409
2016,5,10,1.1375
2016,5,9,1.1395
2016,5,6,1.1427
2016,5,5,1.1439
2016,5,4,1.1505
2016,5,3,1.1569
2016,5,2,1.1493
2016,4,29,1.1403
2016,4,28,1.1358
2016,4,27,1.1303
2016,4,26,1.1287
2016,4,25,1.1264
2016,4,22,1.1263
2016,4,21,1.1355
2016,4,20,1.1379
2016,4,19,1.1343
2016,4,18,1.1306
2016,4,15,1.1284
2016,4,14,1.1252
2016,4,13,1.1298
2016,4,12,1.1396
2016,4,11,1.139
2016,4,8,1.1363
2016,4,7,1.1364
2016,4,6,1.1336
2016,4,5,1.1367
2016,4,4,1.138
2016,4,1,1.1432
2016,3,31,1.1385
2016,3,30,1.1324
2016,3,29,1.1194
2016,3,24,1.1154
2016,3,23,1.1171
2016,3,22,1.1212
2016,3,21,1.1271
2016,3,18,1.1279
2016,3,17,1.1311
2016,3,16,1.1064
2016,3,15,1.1109
2016,3,14,1.1119
2016,3,11,1.109
2016,3,10,1.0857
2016,3,9,1.0973
2016,3,8,1.1028
2016,3,7,1.0953
2016,3,4,1.097
2016,3,3,1.0901
2016,3,2,1.0856
2016,3,1,1.0872
2016,2,29,1.0888
2016,2,26,1.1006
2016,2,25,1.1027
2016,2,24,1.0981
2016,2,23,1.1002
2016,2,22,1.1026
2016,2,19,1.1096
2016,2,18,1.1084
2016,2,17,1.1136
2016,2,16,1.1166
2016,2,15,1.118
2016,2,12,1.1275
2016,2,11,1.1347
2016,2,10,1.1257
2016,2,9,1.1236
2016,2,8,1.1101
2016,2,5,1.1202
2016,2,4,1.1206
2016,2,3,1.0933
2016,2,2,1.0919
2016,2,1,1.0884
2016,1,29,1.092
2016,1,28,1.0903
2016,1,27,1.0888
2016,1,26,1.0837
2016,1,25,1.0815
2016,1,22,1.0808
2016,1,21,1.0893
2016,1,20,1.0907
2016,1,19,1.0868
2016,1,18,1.0892
2016,1,15,1.0914
2016,1,14,1.0893
2016,1,13,1.0816
2016,1,12,1.0836
2016,1,11,1.0888
2016,1,8,1.0861
2016,1,7,1.0868
2016,1,6,1.0742
2016,1,5,1.0746
2016,1,4,1.0898
2015,12,31,1.0887
2015,12,30,1.0926
2015,12,29,1.0952
2015,12,28,1.0962
2015,12,24,1.0947
2015,12,23,1.0916
2015,12,22,1.0952
2015,12,21,1.087
2015,12,18,1.0836
2015,12,17,1.0841
2015,12,16,1.0933
2015,12,15,1.099
2015,12,14,1.0983
2015,12,11,1.095
2015,12,10,1.0943
2015,12,9,1.0941
2015,12,8,1.0875
2015,12,7,1.0809
2015,12,4,1.0902
2015,12,3,1.0671
2015,12,2,1.0612
2015,12,1,1.06
2015,11,30,1.0579
2015,11,27,1.058
2015,11,26,1.0612
2015,11,25,1.0586
2015,11,24,1.0651
2015,11,23,1.0631
2015,11,20,1.0688
2015,11,19,1.0687
2015,11,18,1.0666
2015,11,17,1.067
2015,11,16,1.0723
2015,11,13,1.0764
2015,11,12,1.0726
2015,11,11,1.0716
2015,11,10,1.0711
2015,11,9,1.0776
2015,11,6,1.0864
2015,11,5,1.0883
2015,11,4,1.0935
2015,11,3,1.0976
2015,11,2,1.1032
2015,10,30,1.1017
2015,10,29,1.093
2015,10,28,1.1085
2015,10,27,1.1061
2015,10,26,1.1011
2015,10,23,1.1084
2015,10,22,1.1313
2015,10,21,1.1354
2015,10,20,1.1373
2015,10,19,1.1333
2015,10,16,1.136
2015,10,15,1.1439
2015,10,14,1.141
2015,10,13,1.1374
2015,10,12,1.1373
2015,10,9,1.1362
2015,10,8,1.1254
2015,10,7,1.1266
2015,10,6,1.1224
2015,10,5,1.1236
2015,10,2,1.116
2015,10,1,1.1153
2015,9,30,1.1203
2015,9,29,1.1204
2015,9,28,1.117
2015,9,25,1.1151
2015,9,24,1.1241
2015,9,23,1.115
2015,9,22,1.1155
2015,9,21,1.125
2015,9,18,1.1419
2015,9,17,1.1312
2015,9,16,1.1228
2015,9,15,1.132
2015,9,14,1.1305
2015,9,11,1.1268
2015,9,10,1.1185
2015,9,9,1.1139
2015,9,8,1.1162
2015,9,7,1.1146
2015,9,4,1.1138
2015,9,3,1.1229
2015,9,2,1.1255
2015,9,1,1.1236
2015,8,31,1.1215
2015,8,28,1.1268
2015,8,27,1.1284
2015,8,26,1.1402
2015,8,25,1.1506
2015,8,24,1.1497
2015,8,21,1.1281
2015,8,20,1.1183
2015,8,19,1.1041
2015,8,18,1.106
2015,8,17,1.11
2015,8,14,1.1171
2015,8,13,1.1109
2015,8,12,1.1155
2015,8,11,1.1055
2015,8,10,1.096
2015,8,7,1.0941
2015,8,6,1.0885
2015,8,5,1.0883
2015,8,4,1.0973
2015,8,3,1.0951
2015,7,31,1.0967
2015,7,30,1.0955
2015,7,29,1.103
2015,7,28,1.1025
2015,7,27,1.1058
2015,7,24,1.0939
2015,7,23,1.0999
2015,7,22,1.0902
2015,7,21,1.0867
2015,7,20,1.0852
2015,7,17,1.0889
2015,7,16,1.0867
2015,7,15,1.1009
2015,7,14,1.1031
2015,7,13,1.1049
2015,7,10,1.1185
2015,7,9,1.1054
2015,7,8,1.1024
2015,7,7,1.0931
2015,7,6,1.1008
2015,7,3,1.1096
2015,7,2,1.1066
2015,7,1,1.11
2015,6,30,1.1189
2015,6,29,1.1133
2015,6,26,1.1202
2015,6,25,1.1206
2015,6,24,1.1213
2015,6,23,1.1204
2015,6,22,1.1345
2015,6,19,1.1299
2015,6,18,1.1404
2015,6,17,1.1279
2015,6,16,1.1215
2015,6,15,1.1218
2015,6,12,1.122
2015,6,11,1.1232
2015,6,10,1.1279
2015,6,9,1.1249
2015,6,8,1.1162
2015,6,5,1.1218
2015,6,4,1.1317
2015,6,3,1.1134
2015,6,2,1.1029
2015,6,1,1.0944
2015,5,29,1.097
2015,5,28,1.0896
2015,5,27,1.0863
2015,5,26,1.0926
2015,5,25,1.0978
2015,5,22,1.1164
2015,5,21,1.1133
2015,5,20,1.1118
2015,5,19,1.118
2015,5,18,1.1389
2015,5,15,1.1328
2015,5,14,1.1419
2015,5,13,1.1221
2015,5,12,1.1239
2015,5,11,1.1142
2015,5,8,1.1221
2015,5,7,1.1305
2015,5,6,1.123
2015,5,5,1.1117
2015,5,4,1.1152
2015,4,30,1.1215
2015,4,29,1.1002
2015,4,28,1.0927
2015,4,27,1.0822
2015,4,24,1.0824
2015,4,23,1.0772
2015,4,22,1.0743
2015,4,21,1.07
2015,4,20,1.0723
2015,4,17,1.0814
2015,4,16,1.0711
2015,4,15,1.0579
2015,4,14,1.0564
2015,4,13,1.0552
2015,4,10,1.057
2015,4,9,1.0774
2015,4,8,1.0862
2015,4,7,1.0847
2015,4,2,1.083
2015,4,1,1.0755
2015,3,31,1.0759
2015,3,30,1.0845
2015,3,27,1.0856
2015,3,26,1.0973
2015,3,25,1.0985
2015,3,24,1.095
2015,3,23,1.0912
2015,3,20,1.0776
2015,3,19,1.0677
2015,3,18,1.0592
2015,3,17,1.0635
2015,3,16,1.0557
2015,3,13,1.0572
2015,3,12,1.0613
2015,3,11,1.0578
2015,3,10,1.0738
2015,3,9,1.086
2015,3,6,1.0963
2015,3,5,1.1069
2015,3,4,1.1124
2015,3,3,1.1168
2015,3,2,1.1227
2015,2,27,1.124
2015,2,26,1.1317
2015,2,25,1.1346
2015,2,24,1.1328
2015,2,23,1.1298
2015,2,20,1.1298
2015,2,19,1.1387
2015,2,18,1.1372
2015,2,17,1.1415
2015,2,16,1.1408
2015,2,13,1.1381
2015,2,12,1.1328
2015,2,11,1.1314
2015,2,10,1.1297
2015,2,9,1.1275
2015,2,6,1.1447
2015,2,5,1.141
2015,2,4,1.1446
2015,2,3,1.1376
2015,2,2,1.131
2015,1,30,1.1305
2015,1,29,1.1315
2015,1,28,1.1344
2015,1,27,1.1306
2015,1,26,1.1244
2015,1,23,1.1198
2015,1,22,1.1618
2015,1,21,1.1593
2015,1,20,1.1579
2015,1,19,1.1605
2015,1,16,1.1588
2015,1,15,1.1708
2015,1,14,1.1775
2015,1,13,1.1782
2015,1,12,1.1804
2015,1,9,1.1813
2015,1,8,1.1768
2015,1,7,1.1831
2015,1,6,1.1914
2015,1,5,1.1915
2015,1,2,1.2043
2014,12,31,1.2141
2014,12,30,1.216
2014,12,29,1.2197
2014,12,24,1.2219
2014,12,23,1.2213
2014,12,22,1.2259
2014,12,19,1.2279
2014,12,18,1.2285
2014,12,17,1.2448
2014,12,16,1.2537
2014,12,15,1.2426
2014,12,12,1.245
2014,12,11,1.2428
2014,12,10,1.2392
2014,12,9,1.2369
2014,12,8,1.2258
2014,12,5,1.2362
2014,12,4,1.2311
2014,12,3,1.2331
2014,12,2,1.2424
2014,12,1,1.2469
2014,11,28,1.2483
2014,11,27,1.248
2014,11,26,1.2475
2014,11,25,1.2424
2014,11,24,1.241
2014,11,21,1.2422
2014,11,20,1.2539
2014,11,19,1.2535
2014,11,18,1.2514
2014,11,17,1.2496
2014,11,14,1.2436
2014,11,13,1.2456
2014,11,12,1.2467
2014,11,11,1.2424
2014,11,10,1.2486
2014,11,7,1.2393
2014,11,6,1.2517
2014,11,5,1.248
2014,11,4,1.2514
2014,11,3,1.2493
2014,10,31,1.2524
2014,10,30,1.2598
2014,10,29,1.2737
2014,10,28,1.2748
2014,10,27,1.2679
2014,10,24,1.2659
2014,10,23,1.2669
2014,10,22,1.2693
2014,10,21,1.2762
2014,10,20,1.2773
2014,10,17,1.2823
2014,10,16,1.2749
2014,10,15,1.2666
2014,10,14,1.2646
2014,10,13,1.2679
2014,10,10,1.2638
2014,10,9,1.2763
2014,10,8,1.2645
2014,10,7,1.2607
2014,10,6,1.2565
2014,10,3,1.2616
2014,10,2,1.2631
2014,10,1,1.2603
2014,9,30,1.2583
2014,9,29,1.2701
2014,9,26,1.2732
2014,9,25,1.2712
2014,9,24,1.2826
2014,9,23,1.2892
2014,9,22,1.2845
2014,9,19,1.2852
2014,9,18,1.2872
2014,9,17,1.2956
2014,9,16,1.2949
2014,9,15,1.2911
2014,9,12,1.2931
2014,9,11,1.2928
2014,9,10,1.2929
2014,9,9,1.2902
2014,9,8,1.2947
2014,9,5,1.2948
2014,9,4,1.3015
2014,9,3,1.3151
2014,9,2,1.3115
2014,9,1,1.3133
2014,8,29,1.3188
2014,8,28,1.3178
2014,8,27,1.3177
2014,8,26,1.3192
2014,8,25,1.32
2014,8,22,1.3267
2014,8,21,1.3262
2014,8,20,1.3284
2014,8,19,1.3354
2014,8,18,1.3383
2014,8,15,1.3388
2014,8,14,1.3373
2014,8,13,1.336
2014,8,12,1.3346
2014,8,11,1.3386
2014,8,8,1.3388
2014,8,7,1.3368
2014,8,6,1.3345
2014,8,5,1.3382
2014,8,4,1.3422
2014,8,1,1.3395
2014,7,31,1.3379
2014,7,30,1.3401
2014,7,29,1.3429
2014,7,28,1.3433
2014,7,25,1.344
2014,7,24,1.3472
2014,7,23,1.3465
2014,7,22,1.3481
2014,7,21,1.3518
2014,7,18,1.3525
2014,7,17,1.3525
2014,7,16,1.3532
2014,7,15,1.3613
2014,7,14,1.3627
2014,7,11,1.3595
2014,7,10,1.3604
2014,7,9,1.3603
2014,7,8,1.3589
2014,7,7,1.3592
2014,7,4,1.3588
2014,7,3,1.3646
2014,7,2,1.3656
2014,7,1,1.3688
2014,6,30,1.3658
2014,6,27,1.362
2014,6,26,1.3606
2014,6,25,1.3615
2014,6,24,1.3618
2014,6,23,1.3596
2014,6,20,1.3588
2014,6,19,1.362
2014,6,18,1.3563
2014,6,17,1.3568
2014,6,16,1.3532
2014,6,13,1.3534
2014,6,12,1.3528
2014,6,11,1.3547
2014,6,10,1.3547
2014,6,9,1.3608
2014,6,6,1.3642
2014,6,5,1.3567
2014,6,4,1.3627
2014,6,3,1.3645
2014,6,2,1.3611
2014,5,30,1.3607
2014,5,29,1.3612
2014,5,28,1.3608
2014,5,27,1.3638
2014,5,26,1.3635
2014,5,23,1.363
2014,5,22,1.3668
2014,5,21,1.3676
2014,5,20,1.3702
2014,5,19,1.3715
2014,5,16,1.3696
2014,5,15,1.3659
2014,5,14,1.3719
2014,5,13,1.3703
2014,5,12,1.3765
2014,5,9,1.3781
2014,5,8,1.3953
2014,5,7,1.3927
2014,5,6,1.3945
2014,5,5,1.3874
2014,5,2,1.3862
2014,4,30,1.385
2014,4,29,1.3826
2014,4,28,1.3861
2014,4,25,1.3831
2014,4,24,1.382
2014,4,23,1.3834
2014,4,22,1.3817
2014,4,17,1.3855
2014,4,16,1.384
2014,4,15,1.3803
2014,4,14,1.3827
2014,4,11,1.3872
2014,4,10,1.3867
2014,4,9,1.3794
2014,4,8,1.3774
2014,4,7,1.3723
2014,4,4,1.37
2014,4,3,1.3771
2014,4,2,1.3795
2014,4,1,1.379
2014,3,31,1.3788
2014,3,28,1.3759
2014,3,27,1.3758
2014,3,26,1.3791
2014,3,25,1.3789
2014,3,24,1.3774
2014,3,21,1.378
2014,3,20,1.3762
2014,3,19,1.3913
2014,3,18,1.3902
2014,3,17,1.3906
2014,3,14,1.3884
2014,3,13,1.3942
2014,3,12,1.3887
2014,3,11,1.385
2014,3,10,1.3881
2014,3,7,1.3894
2014,3,6,1.3745
2014,3,5,1.3732
2014,3,4,1.3768
2014,3,3,1.3768
2014,2,28,1.3813
2014,2,27,1.3656
2014,2,26,1.3726
2014,2,25,1.3754
2014,2,24,1.3735
2014,2,21,1.3707
2014,2,20,1.3706
2014,2,19,1.3745
2014,2,18,1.3731
2014,2,17,1.3699
2014,2,14,1.3707
2014,2,13,1.3675
2014,2,12,1.3573
2014,2,11,1.3676
2014,2,10,1.3638
2014,2,7,1.3574
2014,2,6,1.3495
2014,2,5,1.3543
2014,2,4,1.3519
2014,2,3,1.3498
2014,1,31,1.3516
2014,1,30,1.3574
2014,1,29,1.3608
2014,1,28,1.3649
2014,1,27,1.3658
2014,1,24,1.3687
2014,1,23,1.3639
2014,1,22,1.3566
2014,1,21,1.3526
2014,1,20,1.3566
2014,1,17,1.3584
2014,1,16,1.3597
2014,1,15,1.3606
2014,1,14,1.3667
2014,1,13,1.3654
2014,1,10,1.3587
2014,1,9,1.3612
2014,1,8,1.3594
2014,1,7,1.3641
2014,1,6,1.3602
2014,1,3,1.3634
2014,1,2,1.3658
2013,12,31,1.3791
2013,12,30,1.3783
2013,12,27,1.3814
2013,12,24,1.3684
2013,12,23,1.3702
2013,12,20,1.3655
2013,12,19,1.3667
2013,12,18,1.3749
2013,12,17,1.3749
2013,12,16,1.3776
2013,12,13,1.3727
2013,12,12,1.3775
2013,12,11,1.3767
2013,12,10,1.375
2013,12,9,1.3722
2013,12,6,1.3661
2013,12,5,1.3594
2013,12,4,1.3592
2013,12,3,1.3578
2013,12,2,1.3536
2013,11,29,1.3611
2013,11,28,1.3592
2013,11,27,1.3596
2013,11,26,1.3547
2013,11,25,1.3514
2013,11,22,1.3518
2013,11,21,1.3472
2013,11,20,1.3527
2013,11,19,1.3502
2013,11,18,1.3517
2013,11,15,1.346
2013,11,14,1.3436
2013,11,13,1.3415
2013,11,12,1.3432
2013,11,11,1.3394
2013,11,8,1.3431
2013,11,7,1.3365
2013,11,6,1.3517
2013,11,5,1.3494
2013,11,4,1.3506
2013,11,1,1.3505
2013,10,31,1.3641
2013,10,30,1.3755
2013,10,29,1.3768
2013,10,28,1.3784
2013,10,25,1.3777
2013,10,24,1.3805
2013,10,23,1.3752
2013,10,22,1.3674
2013,10,21,1.3667
2013,10,18,1.3684
2013,10,17,1.3662
2013,10,16,1.3561
2013,10,15,1.3493
2013,10,14,1.3564
2013,10,11,1.3566
2013,10,10,1.3532
2013,10,9,1.3515
2013,10,8,1.3576
2013,10,7,1.3572
2013,10,4,1.3593
2013,10,3,1.3594
2013,10,2,1.3515
2013,10,1,1.3554
2013,9,30,1.3505
2013,9,27,1.3537
2013,9,26,1.3499
2013,9,25,1.3504
2013,9,24,1.3473
2013,9,23,1.3508
2013,9,20,1.3514
2013,9,19,1.3545
2013,9,18,1.3352
2013,9,17,1.3356
2013,9,16,1.3357
2013,9,13,1.3295
2013,9,12,1.329
2013,9,11,1.3268
2013,9,10,1.324
2013,9,9,1.3194
2013,9,6,1.3117
2013,9,5,1.3202
2013,9,4,1.3171
2013,9,3,1.3172
2013,9,2,1.3207
2013,8,30,1.3235
2013,8,29,1.3266
2013,8,28,1.3347
2013,8,27,1.3338
2013,8,26,1.3361
2013,8,23,1.3355
2013,8,22,1.3323
2013,8,21,1.3384
2013,8,20,1.3392
2013,8,19,1.3344
2013,8,16,1.334
2013,8,15,1.3297
2013,8,14,1.3243
2013,8,13,1.329
2013,8,12,1.328
2013,8,9,1.3373
2013,8,8,1.336
2013,8,7,1.3305
2013,8,6,1.328
2013,8,5,1.3257
2013,8,2,1.3203
2013,8,1,1.3236
2013,7,31,1.3275
2013,7,30,1.3284
2013,7,29,1.327
2013,7,26,1.326
2013,7,25,1.3202
2013,7,24,1.3246
2013,7,23,1.318
2013,7,22,1.3166
2013,7,19,1.3123
2013,7,18,1.3093
2013,7,17,1.3136
2013,7,16,1.3118
2013,7,15,1.3012
2013,7,12,1.3034
2013,7,11,1.3044
2013,7,10,1.2813
2013,7,9,1.2857
2013,7,8,1.285
2013,7,5,1.2883
2013,7,4,1.2984
2013,7,3,1.2959
2013,7,2,1.3017
2013,7,1,1.3037
2013,6,28,1.308
2013,6,27,1.3032
2013,6,26,1.3024
2013,6,25,1.3134
2013,6,24,1.3086
2013,6,21,1.318
2013,6,20,1.32
2013,6,19,1.3406
2013,6,18,1.3374
2013,6,17,1.3337
2013,6,14,1.3303
2013,6,13,1.3315
2013,6,12,1.3277
2013,6,11,1.3273
2013,6,10,1.3209
2013,6,7,1.326
2013,6,6,1.3118
2013,6,5,1.3067
2013,6,4,1.3092
2013,6,3,1.3008
2013,5,31,1.3006
2013,5,30,1.2944
2013,5,29,1.2952
2013,5,28,1.2938
2013,5,27,1.2939
2013,5,24,1.2939
2013,5,23,1.2888
2013,5,22,1.2923
2013,5,21,1.2866
2013,5,20,1.2853
2013,5,17,1.2869
2013,5,16,1.289
2013,5,15,1.2864
2013,5,14,1.2977
2013,5,13,1.2973
2013,5,10,1.2988
2013,5,9,1.3142
2013,5,8,1.3135
2013,5,7,1.3107
2013,5,6,1.3107
2013,5,3,1.3114
2013,5,2,1.3191
2013,4,30,1.3072
2013,4,29,1.3113
2013,4,26,1.2999
2013,4,25,1.308
2013,4,24,1.3006
2013,4,23,1.299
2013,4,22,1.3037
2013,4,19,1.3115
2013,4,18,1.3045
2013,4,17,1.3129
2013,4,16,1.3129
2013,4,15,1.3081
2013,4,12,1.3052
2013,4,11,1.3119
2013,4,10,1.3086
2013,4,9,1.304
2013,4,8,1.3023
2013,4,5,1.2944
2013,4,4,1.2818
2013,4,3,1.2828
2013,4,2,1.284
2013,3,28,1.2805
2013,3,27,1.2768
2013,3,26,1.2861
2013,3,25,1.2935
2013,3,22,1.2948
2013,3,21,1.291
2013,3,20,1.2945
2013,3,19,1.2944
2013,3,18,1.2929
2013,3,15,1.3086
2013,3,14,1.2937
2013,3,13,1.2981
2013,3,12,1.3053
2013,3,11,1.2994
2013,3,8,1.309
2013,3,7,1.301
2013,3,6,1.3035
2013,3,5,1.3034
2013,3,4,1.3007
2013,3,1,1.3
2013,2,28,1.3129
2013,2,27,1.3097
2013,2,26,1.3077
2013,2,25,1.3304
2013,2,22,1.3186
2013,2,21,1.3186
2013,2,20,1.337
2013,2,19,1.3349
2013,2,18,1.3352
2013,2,15,1.3325
2013,2,14,1.3327
2013,2,13,1.348
2013,2,12,1.3438
2013,2,11,1.3391
2013,2,8,1.3374
2013,2,7,1.3546
2013,2,6,1.3517
2013,2,5,1.3537
2013,2,4,1.3552
2013,2,1,1.3644
2013,1,31,1.355
2013,1,30,1.3541
2013,1,29,1.3433
2013,1,28,1.3444
2013,1,25,1.3469
2013,1,24,1.3349
2013,1,23,1.333
2013,1,22,1.3317
2013,1,21,1.3323
2013,1,18,1.3324
2013,1,17,1.3368
2013,1,16,1.3277
2013,1,15,1.3327
2013,1,14,1.3341
2013,1,11,1.3274
2013,1,10,1.3113
2013,1,9,1.3056
2013,1,8,1.3086
2013,1,7,1.3039
2013,1,4,1.3012
2013,1,3,1.3102
2013,1,2,1.3262
2012,12,31,1.3194
2012,12,28,1.3183
2012,12,27,1.3266
2012,12,24,1.3218
2012,12,21,1.3209
2012,12,20,1.3246
2012,12,19,1.3302
2012,12,18,1.3178
2012,12,17,1.316
2012,12,14,1.3081
2012,12,13,1.3077
2012,12,12,1.304
2012,12,11,1.2993
2012,12,10,1.293
2012,12,7,1.2905
2012,12,6,1.3072
2012,12,5,1.3065
2012,12,4,1.3092
2012,12,3,1.3057
2012,11,30,1.2986
2012,11,29,1.2994
2012,11,28,1.2891
2012,11,27,1.2961
2012,11,26,1.2964
2012,11,23,1.2909
2012,11,22,1.2893
2012,11,21,1.2805
2012,11,20,1.2809
2012,11,19,1.2762
2012,11,16,1.2745
2012,11,15,1.2756
2012,11,14,1.2726
2012,11,13,1.2696
2012,11,12,1.2735
2012,11,9,1.2694
2012,11,8,1.2736
2012,11,7,1.2746
2012,11,6,1.28
2012,11,5,1.2777
2012,11,2,1.285
2012,11,1,1.2975
2012,10,31,1.2993
2012,10,30,1.2962
2012,10,29,1.2898
2012,10,26,1.2908
2012,10,25,1.2993
2012,10,24,1.2942
2012,10,23,1.3005
2012,10,22,1.3063
2012,10,19,1.3035
2012,10,18,1.3118
2012,10,17,1.312
2012,10,16,1.3046
2012,10,15,1.2971
2012,10,12,1.297
2012,10,11,1.2918
2012,10,10,1.2889
2012,10,9,1.2953
2012,10,8,1.2958
2012,10,5,1.3002
2012,10,4,1.2951
2012,10,3,1.2904
2012,10,2,1.293
2012,10,1,1.2877
2012,9,28,1.293
2012,9,27,1.2874
2012,9,26,1.2845
2012,9,25,1.2932
2012,9,24,1.2916
2012,9,21,1.2988
2012,9,20,1.2954
2012,9,19,1.3002
2012,9,18,1.3054
2012,9,17,1.3086
2012,9,14,1.3095
2012,9,13,1.291
2012,9,12,1.2896
2012,9,11,1.2787
2012,9,10,1.2776
2012,9,7,1.2706
2012,9,6,1.2638
2012,9,5,1.2578
2012,9,4,1.2579
2012,9,3,1.2568
2012,8,31,1.2611
2012,8,30,1.2544
2012,8,29,1.2545
2012,8,28,1.2548
2012,8,27,1.253
2012,8,24,1.2507
2012,8,23,1.2552
2012,8,22,1.2448
2012,8,21,1.2428
2012,8,20,1.23
2012,8,17,1.2337
2012,8,16,1.2279
2012,8,15,1.2276
2012,8,14,1.2352
2012,8,13,1.2339
2012,8,10,1.2262
2012,8,9,1.2301
2012,8,8,1.2336
2012,8,7,1.2436
2012,8,6,1.2379
2012,8,3,1.2245
2012,8,2,1.2346
2012,8,1,1.2298
2012,7,31,1.2284
2012,7,30,1.2246
2012,7,27,1.2317
2012,7,26,1.226
2012,7,25,1.2134
2012,7,24,1.2089
2012,7,23,1.2105
2012,7,20,1.22
2012,7,19,1.2287
2012,7,18,1.2234
2012,7,17,1.2281
2012,7,16,1.2177
2012,7,13,1.2185
2012,7,12,1.2178
2012,7,11,1.226
2012,7,10,1.2285
2012,7,9,1.2293
2012,7,6,1.2377
2012,7,5,1.2426
2012,7,4,1.256
2012,7,3,1.2575
2012,7,2,1.2593
2012,6,29,1.259
2012,6,28,1.2418
2012,6,27,1.2478
2012,6,26,1.2475
2012,6,25,1.2488
2012,6,22,1.2539
2012,6,21,1.267
2012,6,20,1.2704
2012,6,19,1.2619
2012,6,18,1.2618
2012,6,15,1.2596
2012,6,14,1.2551
2012,6,13,1.2534
2012,6,12,1.2492
2012,6,11,1.2544
2012,6,8,1.2468
2012,6,7,1.2595
2012,6,6,1.2485
2012,6,5,1.2429
2012,6,4,1.2437
2012,6,1,1.2322
2012,5,31,1.2403
2012,5,30,1.2438
2012,5,29,1.2523
2012,5,28,1.2566
2012,5,25,1.2546
2012,5,24,1.2557
2012,5,23,1.2659
2012,5,22,1.2768
2012,5,21,1.275
2012,5,18,1.2721
2012,5,17,1.2682
2012,5,16,1.2738
2012,5,15,1.2843
2012,5,14,1.2863
2012,5,11,1.2944
2012,5,10,1.2961
2012,5,9,1.295
2012,5,8,1.3025
2012,5,7,1.3033
2012,5,4,1.3132
2012,5,3,1.3123
2012,5,2,1.3131
2012,5,1,0.0
2012,4,30,1.3214
2012,4,27,1.3229
2012,4,26,1.3215
2012,4,25,1.3206
2012,4,24,1.3161
2012,4,23,1.3131
2012,4,20,1.3192
2012,4,19,1.3086
2012,4,18,1.3093
2012,4,17,1.3132
2012,4,16,1.3024
2012,4,13,1.3148
2012,4,12,1.3153
2012,4,11,1.3131
2012,4,10,1.3114
2012,4,9,0.0
2012,4,6,0.0
2012,4,5,1.3068
2012,4,4,1.3142
2012,4,3,1.3315
2012,4,2,1.3319
2012,3,30,1.3356
2012,3,29,1.3272
2012,3,28,1.3337
2012,3,27,1.3333
2012,3,26,1.3276
2012,3,23,1.3242
2012,3,22,1.3167
2012,3,21,1.3225
2012,3,20,1.3198
2012,3,19,1.315
2012,3,16,1.3116
2012,3,15,1.3057
2012,3,14,1.3062
2012,3,13,1.3057
2012,3,12,1.3119
2012,3,9,1.3191
2012,3,8,1.3242
2012,3,7,1.312
2012,3,6,1.3153
2012,3,5,1.322
2012,3,2,1.3217
2012,3,1,1.3312
2012,2,29,1.3443
2012,2,28,1.3454
2012,2,27,1.3388
2012,2,24,1.3412
2012,2,23,1.33
2012,2,22,1.323
2012,2,21,1.3222
2012,2,20,1.3266
2012,2,17,1.3159
2012,2,16,1.2982
2012,2,15,1.3092
2012,2,14,1.3169
2012,2,13,1.3254
2012,2,10,1.3189
2012,2,9,1.3288
2012,2,8,1.3274
2012,2,7,1.3113
2012,2,6,1.3042
2012,2,3,1.316
2012,2,2,1.3094
2012,2,1,1.3175
2012,1,31,1.3176
2012,1,30,1.311
2012,1,27,1.3145
2012,1,26,1.3145
2012,1,25,1.2942
2012,1,24,1.3003
2012,1,23,1.3017
2012,1,20,1.2902
2012,1,19,1.2911
2012,1,18,1.2831
2012,1,17,1.279
2012,1,16,1.2669
2012,1,13,1.2771
2012,1,12,1.2736
2012,1,11,1.2718
2012,1,10,1.2808
2012,1,9,1.2728
2012,1,6,1.2776
2012,1,5,1.2832
2012,1,4,1.2948
2012,1,3,1.3014
2012,1,2,1.2935
2011,12,30,1.2939
2011,12,29,1.2889
2011,12,28,1.3074
2011,12,27,1.3069
2011,12,26,0.0
2011,12,23,1.3057
2011,12,22,1.3047
2011,12,21,1.3054
2011,12,20,1.3074
2011,12,19,1.3039
2011,12,16,1.3064
2011,12,15,1.3019
2011,12,14,1.2993
2011,12,13,1.3181
2011,12,12,1.3251
2011,12,9,1.3384
2011,12,8,1.341
2011,12,7,1.3377
2011,12,6,1.3394
2011,12,5,1.3442
2011,12,2,1.3511
2011,12,1,1.3492
2011,11,30,1.3418
2011,11,29,1.3336
2011,11,28,1.3348
2011,11,25,1.3229
2011,11,24,1.3373
2011,11,23,1.3387
2011,11,22,1.3535
2011,11,21,1.3458
2011,11,18,1.3576
2011,11,17,1.348
2011,11,16,1.3484
2011,11,15,1.3532
2011,11,14,1.3659
2011,11,11,1.365
2011,11,10,1.3616
2011,11,9,1.3633
2011,11,8,1.3788
2011,11,7,1.3742
2011,11,4,1.3773
2011,11,3,1.3773
2011,11,2,1.3809
2011,11,1,1.3627
2011,10,31,1.4001
2011,10,28,1.416
2011,10,27,1.4038
2011,10,26,1.3927
2011,10,25,1.3918
2011,10,24,1.3856
2011,10,21,1.3798
2011,10,20,1.3807
2011,10,19,1.3828
2011,10,18,1.3676
2011,10,17,1.3776
2011,10,14,1.3807
2011,10,13,1.3727
2011,10,12,1.3766
2011,10,11,1.3607
2011,10,10,1.3593
2011,10,7,1.3434
2011,10,6,1.3269
2011,10,5,1.3337
2011,10,4,1.3181
2011,10,3,1.3327
2011,9,30,1.3503
2011,9,29,1.3615
2011,9,28,1.3631
2011,9,27,1.3579
2011,9,26,1.35
2011,9,23,1.343
2011,9,22,1.3448
2011,9,21,1.3636
2011,9,20,1.371
2011,9,19,1.3641
2011,9,16,1.376
2011,9,15,1.3795
2011,9,14,1.3729
2011,9,13,1.3645
2011,9,12,1.3656
2011,9,9,1.3817
2011,9,8,1.4044
2011,9,7,1.4036
2011,9,6,1.4099
2011,9,5,1.4126
2011,9,2,1.4255
2011,9,1,1.4285
2011,8,31,1.445
2011,8,30,1.4402
2011,8,29,1.4487
2011,8,26,1.4402
2011,8,25,1.4424
2011,8,24,1.4433
2011,8,23,1.4462
2011,8,22,1.4413
2011,8,19,1.4385
2011,8,18,1.4369
2011,8,17,1.4477
2011,8,16,1.436
2011,8,15,1.4309
2011,8,12,1.425
2011,8,11,1.4143
2011,8,10,1.4367
2011,8,9,1.4267
2011,8,8,1.4225
2011,8,5,1.4155
2011,8,4,1.4229
2011,8,3,1.43
2011,8,2,1.417
2011,8,1,1.4415
2011,7,29,1.426
2011,7,28,1.426
2011,7,27,1.4446
2011,7,26,1.4471
2011,7,25,1.438
2011,7,22,1.4391
2011,7,21,1.4222
2011,7,20,1.4207
2011,7,19,1.416
2011,7,18,1.4045
2011,7,15,1.4146
2011,7,14,1.4202
2011,7,13,1.4073
2011,7,12,1.3975
2011,7,11,1.4056
2011,7,8,1.4242
2011,7,7,1.4247
2011,7,6,1.4318
2011,7,5,1.4461
2011,7,4,1.45
2011,7,1,1.4488
2011,6,30,1.4453
2011,6,29,1.4425
2011,6,28,1.4261
2011,6,27,1.4205
2011,6,24,1.422
2011,6,23,1.4212
2011,6,22,1.4397
2011,6,21,1.4373
2011,6,20,1.4235
2011,6,17,1.427
2011,6,16,1.4088
2011,6,15,1.4292
2011,6,14,1.4448
2011,6,13,1.4354
2011,6,10,1.4486
2011,6,9,1.4614
2011,6,8,1.4608
2011,6,7,1.4652
2011,6,6,1.4596
2011,6,3,1.4488
2011,6,2,1.446
2011,6,1,1.4408
2011,5,31,1.4385
2011,5,30,1.4272
2011,5,27,1.4265
2011,5,26,1.4168
2011,5,25,1.4069
2011,5,24,1.4089
2011,5,23,1.402
2011,5,20,1.4237
2011,5,19,1.4265
2011,5,18,1.4227
2011,5,17,1.4171
2011,5,16,1.4143
2011,5,13,1.428
2011,5,12,1.4153
2011,5,11,1.4357
2011,5,10,1.4358
2011,5,9,1.4397
2011,5,6,1.4501
2011,5,5,1.4814
2011,5,4,1.4882
2011,5,3,1.478
2011,5,2,1.4837
2011,4,29,1.486
2011,4,28,1.4794
2011,4,27,1.4668
2011,4,26,1.4617
2011,4,25,0.0
2011,4,22,0.0
2011,4,21,1.4584
2011,4,20,1.4515
2011,4,19,1.4302
2011,4,18,1.4275
2011,4,15,1.445
2011,4,14,1.4401
2011,4,13,1.4493
2011,4,12,1.447
2011,4,11,1.4434
2011,4,8,1.4401
2011,4,7,1.4283
2011,4,6,1.43
2011,4,5,1.4166
2011,4,4,1.424
2011,4,1,1.4141
2011,3,31,1.4207
2011,3,30,1.409
2011,3,29,1.4066
2011,3,28,1.4032
2011,3,25,1.4115
2011,3,24,1.4128
2011,3,23,1.4136
2011,3,22,1.4211
2011,3,21,1.4194
2011,3,18,1.413
2011,3,17,1.4004
2011,3,16,1.3951
2011,3,15,1.3884
2011,3,14,1.3948
2011,3,11,1.3773
2011,3,10,1.3817
2011,3,9,1.3928
2011,3,8,1.3898
2011,3,7,1.4028
2011,3,4,1.3957
2011,3,3,1.385
2011,3,2,1.3809
2011,3,1,1.3825
2011,2,28,1.3834
2011,2,25,1.3762
2011,2,24,1.3773
2011,2,23,1.3731
2011,2,22,1.3667
2011,2,21,1.3668
2011,2,18,1.3627
2011,2,17,1.356
2011,2,16,1.351
2011,2,15,1.351
2011,2,14,1.344
2011,2,11,1.3524
2011,2,10,1.3604
2011,2,9,1.3647
2011,2,8,1.3635
2011,2,7,1.3553
2011,2,4,1.3631
2011,2,3,1.3745
2011,2,2,1.3803
2011,2,1,1.3755
2011,1,31,1.3692
2011,1,28,1.371
2011,1,27,1.3716
2011,1,26,1.3681
2011,1,25,1.3596
2011,1,24,1.3571
2011,1,21,1.3521
2011,1,20,1.3472
2011,1,19,1.3506
2011,1,18,1.3371
2011,1,17,1.3311
2011,1,14,1.3349
2011,1,13,1.3199
2011,1,12,1.2973
2011,1,11,1.2948
2011,1,10,1.2903
2011,1,7,1.2961
2011,1,6,1.3091
2011,1,5,1.3213
2011,1,4,1.3421
2011,1,3,1.3348
2010,12,31,1.3362
2010,12,30,1.328
2010,12,29,1.3136
2010,12,28,1.3195
2010,12,27,1.3136
2010,12,24,1.3099
2010,12,23,1.3064
2010,12,22,1.3112
2010,12,21,1.3155
2010,12,20,1.3147
2010,12,17,1.326
2010,12,16,1.3238
2010,12,15,1.336
2010,12,14,1.3435
2010,12,13,1.3267
2010,12,10,1.3244
2010,12,9,1.3214
2010,12,8,1.32
2010,12,7,1.3363
2010,12,6,1.328
2010,12,3,1.3246
2010,12,2,1.3155
2010,12,1,1.3115
2010,11,30,1.2998
2010,11,29,1.3146
2010,11,26,1.3225
2010,11,25,1.3321
2010,11,24,1.3339
2010,11,23,1.3496
2010,11,22,1.3647
2010,11,19,1.3674
2010,11,18,1.3647
2010,11,17,1.3481
2010,11,16,1.3612
2010,11,15,1.3626
2010,11,12,1.3711
2010,11,11,1.37
2010,11,10,1.377
2010,11,9,1.3945
2010,11,8,1.3917
2010,11,5,1.4084
2010,11,4,1.4244
2010,11,3,1.4014
2010,11,2,1.4018
2010,11,1,1.3926
2010,10,29,1.3857
2010,10,28,1.3857
2010,10,27,1.3803
2010,10,26,1.3912
2010,10,25,1.4031
2010,10,22,1.3934
2010,10,21,1.4016
2010,10,20,1.3861
2010,10,19,1.3859
2010,10,18,1.3896
2010,10,15,1.4089
2010,10,14,1.4101
2010,10,13,1.3958
2010,10,12,1.3833
2010,10,11,1.3936
2010,10,8,1.3874
2010,10,7,1.397
2010,10,6,1.3856
2010,10,5,1.378
2010,10,4,1.3705
2010,10,1,1.3726
2010,9,30,1.3648
2010,9,29,1.3611
2010,9,28,1.346
2010,9,27,1.3477
2010,9,24,1.3412
2010,9,23,1.3323
2010,9,22,1.3364
2010,9,21,1.312
2010,9,20,1.3074
2010,9,17,1.306
2010,9,16,1.3078
2010,9,15,1.2989
2010,9,14,1.285
2010,9,13,1.2801
2010,9,10,1.2725
2010,9,9,1.2715
2010,9,8,1.2697
2010,9,7,1.2744
2010,9,6,1.2874
2010,9,3,1.2834
2010,9,2,1.2818
2010,9,1,1.28
2010,8,31,1.268
2010,8,30,1.27
2010,8,27,1.2713
2010,8,26,1.2693
2010,8,25,1.2613
2010,8,24,1.2611
2010,8,23,1.2704
2010,8,20,1.2711
2010,8,19,1.2836
2010,8,18,1.288
2010,8,17,1.286
2010,8,16,1.282
2010,8,13,1.2799
2010,8,12,1.279
2010,8,11,1.3016
2010,8,10,1.3133
2010,8,9,1.3253
2010,8,6,1.3176
2010,8,5,1.3184
2010,8,4,1.3206
2010,8,3,1.3221
2010,8,2,1.3073
2010,7,30,1.3028
2010,7,29,1.3069
2010,7,28,1.2992
2010,7,27,1.3033
2010,7,26,1.2931
2010,7,23,1.2897
2010,7,22,1.285
2010,7,21,1.2817
2010,7,20,1.2844
2010,7,19,1.2957
2010,7,16,1.3
2010,7,15,1.2828
2010,7,14,1.2703
2010,7,13,1.2569
2010,7,12,1.2572
2010,7,9,1.2637
2010,7,8,1.266
2010,7,7,1.2567
2010,7,6,1.2579
2010,7,5,1.2531
2010,7,2,1.2548
2010,7,1,1.2328
2010,6,30,1.2271
2010,6,29,1.2198
2010,6,28,1.2339
2010,6,25,1.2294
2010,6,24,1.2262
2010,6,23,1.2271
2010,6,22,1.2258
2010,6,21,1.2391
2010,6,18,1.2372
2010,6,17,1.2363
2010,6,16,1.2277
2010,6,15,1.2258
2010,6,14,1.2249
2010,6,11,1.2127
2010,6,10,1.2045
2010,6,9,1.201
2010,6,8,1.1942
2010,6,7,1.1959
2010,6,4,1.206
2010,6,3,1.2268
2010,6,2,1.2218
2010,6,1,1.2155
2010,5,31,1.2307
2010,5,28,1.2384
2010,5,27,1.2255
2010,5,26,1.2309
2010,5,25,1.2223
2010,5,24,1.236
2010,5,21,1.2497
2010,5,20,1.2334
2010,5,19,1.227
2010,5,18,1.2428
2010,5,17,1.2349
2010,5,14,1.2492
2010,5,13,1.2587
2010,5,12,1.2686
2010,5,11,1.2698
2010,5,10,1.2969
2010,5,7,1.2746
2010,5,6,1.2727
2010,5,5,1.2924
2010,5,4,1.3089
2010,5,3,1.3238
2010,4,30,1.3315
2010,4,29,1.3256
2010,4,28,1.3245
2010,4,27,1.329
2010,4,26,1.3321
2010,4,23,1.3311
2010,4,22,1.3339
2010,4,21,1.3373
2010,4,20,1.3486
2010,4,19,1.3432
2010,4,16,1.3535
2010,4,15,1.3544
2010,4,14,1.3615
2010,4,13,1.3583
2010,4,12,1.3585
2010,4,9,1.3384
2010,4,8,1.3296
2010,4,7,1.334
2010,4,6,1.3396
2010,4,5,0.0
2010,4,2,0.0
2010,4,1,1.3468
2010,3,31,1.3479
2010,3,30,1.3482
2010,3,29,1.3471
2010,3,26,1.3353
2010,3,25,1.3356
2010,3,24,1.3338
2010,3,23,1.3519
2010,3,22,1.3471
2010,3,19,1.3548
2010,3,18,1.366
2010,3,17,1.3756
2010,3,16,1.3723
2010,3,15,1.3705
2010,3,12,1.3765
2010,3,11,1.3657
2010,3,10,1.361
2010,3,9,1.3557
2010,3,8,1.3662
2010,3,5,1.3582
2010,3,4,1.3668
2010,3,3,1.3641
2010,3,2,1.3548
2010,3,1,1.3525
2010,2,26,1.357
2010,2,25,1.3489
2010,2,24,1.3547
2010,2,23,1.3577
2010,2,22,1.3626
2010,2,19,1.3519
2010,2,18,1.3567
2010,2,17,1.3726
2010,2,16,1.3649
2010,2,15,1.3607
2010,2,12,1.3572
2010,2,11,1.3718
2010,2,10,1.374
2010,2,9,1.376
2010,2,8,1.3675
2010,2,5,1.3691
2010,2,4,1.3847
2010,2,3,1.3984
2010,2,2,1.3937
2010,2,1,1.3913
2010,1,29,1.3966
2010,1,28,1.3999
2010,1,27,1.4072
2010,1,26,1.4085
2010,1,25,1.4151
2010,1,22,1.4135
2010,1,21,1.4064
2010,1,20,1.4132
2010,1,19,1.4279
2010,1,18,1.4369
2010,1,15,1.4374
2010,1,14,1.4486
2010,1,13,1.4563
2010,1,12,1.4481
2010,1,11,1.4528
2010,1,8,1.4273
2010,1,7,1.4304
2010,1,6,1.435
2010,1,5,1.4442
2010,1,4,1.4389
2010,1,1,0.0
